charName,firstName
abelar hightower,abelar
abelon,abelon
addam of duskendale,addam
addam frey,addam
addam hightower,addam
addam marbrand,addam
addam osgrey,addam
addam rivers,addam
addam velaryon,addam
addam whitehead,addam
addison hill,addison
adrack humble,adrack
adrian redfort,adrian
adrian tarbeck,adrian
adrian thorne,adrian
aegon ambrose,aegon
aegon blackfyre,aegon
aegon frey,aegon
aegon i targaryen,aegon
aegon ii targaryen,aegon
aegon iii targaryen,aegon
aegon iv targaryen,aegon
aegon v targaryen,aegon
aegon targaryen,aegon
aegor rivers,aegor
aelinor penrose,aelinor
aelor targaryen,aelor
aelora targaryen,aelora
aelyx targaryen,aelyx
aemma arryn,aemma
aemon blackfyre,aemon
aemon costayne,aemon
aemon estermont,aemon
aemon rivers,aemon
aemon steelsong,aemon
aemon targaryen,aemon
aemond targaryen,aemond
aenys i targaryen,aenys
aenys blackfyre,aenys
aenys frey,aenys
aerea targaryen,aerea
aerion targaryen,aerion
aeron greyjoy,aeron
aerys targaryen,aerys
aerys i targaryen,aerys
aerys ii targaryen,aerys
aerys ii targaryen's last mistress,aerys
aethan velaryon,aethan
aethan,aethan
aethelmure,aethelmure
aggar,aggar
aggo,aggo
aglantine,aglantine
agnes blackwood,agnes
agramore cobb,agramore
agrivane,agrivane
aladale wynch,aladale
aladore florent,aladore
alan o' the oak,alan
alan of rosby,alan
alan beesbury,alan
alan tarly,alan
alannys harlaw,alannys
alaric of eysen,alaric
alaric stark,alaric
alarra massey,alarra
alarra stark,alarra
alastor reyne,alastor
alayaya,alayaya
alayne baelish,alayne
alayne royce,alayne
albar royce,albar
albett,albett
albin manwoody,albin
albin massey,albin
alchemist,alchemist
alebelly,alebelly
alec hunter,alec
alekyne florent,alekyne
alequo adarys,alequo
alerie hightower,alerie
alesander frey,alesander
alesander staedmon,alesander
alesandor torrent,alesandor
alester oakheart,alester
alester norcross,alester
alester wynch,alester
alester ii arryn,alester
alester florent,alester
alf of runnymudd,alf
alfador,alfador
alford,alford
alfred broome,alfred
alfyn,alfyn
alia,alia
aliandra martell,aliandra
alicent hightower,alicent
alios qhaedar,alios
all-for-joffrey,all-for-joffrey
alla tyrell,alla
allaquo,allaquo
allar deem,allar
allar,allar
allard royce,allard
allard seaworth,allard
alleras,alleras
alliser thorne,alliser
allyria dayne,allyria
alton butterwell,alton
alton celtigar,alton
alton greyjoy,alton
alvyn sharp,alvyn
alyce graceford,alyce
alyce,alyce
alyn velaryon,alyn
alyn terrick,alyn
alyn tarbeck,alyn
alyn stokeworth,alyn
alyn stackspear,alyn
alyn orkwood,alyn
alyn marbrand,alyn
alyn hunt,alyn
alyn garner,alyn
alyn frey,alyn
alyn haigh,alyn
alyn connington,alyn
alyn cockshaw,alyn
alyn bullock,alyn
alyn blackwood,alyn
alyn ashford,alyn
alyn ambrose,alyn
alyn,alyn
alyn estermont,alyn
alynne connington,alynne
alys turnberry,alys
alys stone,alys
alys stark,alys
alys stackspear,alys
alys rivers,alys
alys oakheart,alys
alys frey,alys
alys harroway,alys
alys beesbury,alys
alys arryn,alys
alys karstark,alys
alysane mormont,alysane
alysanne of tarth,alysanne
alysanne targaryen,alysanne
alysanne lefford,alysanne
alysanne stark,alysanne
alysanne osgrey,alysanne
alysanne hightower,alysanne
alysanne bulwer,alysanne
alysanne bracken,alysanne
alysanne blackwood,alysanne
alysanne,alysanne
alysanne farman,alysanne
alyse ladybright,alyse
alyssa targaryen,alyssa
alyssa velaryon,alyssa
alyssa blackwood,alyssa
alyssa royce,alyssa
alyssa arryn,alyssa
alyx frey,alyx
amabel,amabel
amanda arryn,amanda
amarei crakehall,amarei
amarys,amarys
amaury peake,amaury
ambrode,ambrode
ambrose butterwell,ambrose
amerei frey,amerei
amethyst empress,amethyst
amory lorch,amory
amos bracken,amos
andahar,andahar
andar royce,andar
anders yronwood,anders
andrew estermont,andrew
andrew tollett,andrew
andrey charlton,andrey
andrey dalt,andrey
andrik,andrik
andros brax,andros
androw farman,androw
androw ashford,androw
androw frey,androw
anguy,anguy
annara farring,annara
anselm,anselm
anson,anson
antario jast,antario
anvil ryn,anvil
anya waynwood,anya
anya weatherwax,anya
archibald yronwood,archibald
archon of tyrosh (war of the ninepenny kings),archon
archon's daughter (jaehaerys i),archon's
ardrian celtigar,ardrian
aregelle stark,aregelle
areo hotah,areo
argella durrandon,argella
argilac durrandon,argilac
argos sevenstar,argos
argoth stone-skin,argoth
argrave the defiant,argrave
arianne martell,arianne
arianne tarth,arianne
arlan of pennytree,arlan
arlan i durrandon,arlan
arlan iii durrandon,arlan
arlan v durrandon,arlan
armen,armen
armen peake,armen
armistead vance,armistead
armond caswell,armond
armond connington,armond
arnel,arnel
arneld,arneld
arnell,arnell
arnold arryn,arnold
arnolf karstark,arnolf
aron santagar,aron
arra norrey,arra
arrana stark,arrana
arrec durrandon,arrec
arron qorgyle,arron
arron,arron
arryk cargyll,arryk
arryk,arryk
lord arryn (father of jeyne),arryn
arsa stark,arsa
arson,arson
arstan selmy,arstan
arthor celtigar,arthor
arthor karstark,arthor
arthor oakheart,arthor
arthur goodbrother,arthur
arthur ambrose,arthur
arthur dayne,arthur
artos stark,artos
artos flint,artos
artos the strong,artos
artys i arryn,artys
arwen upcliff,arwen
arwood frey,arwood
arwyn frey,arwyn
arwyn oakheart,arwyn
arya flint,arya
arya stark,arya
arys oakheart,arys
ash,ash
asha greyjoy,asha
ashara dayne,ashara
lord ashford,ashford
assadora of ibben,assadora
aubrey ambrose,aubrey
aubrey crakehall,aubrey
aurane waters,aurane
aurion,aurion
axel tully,axel
axell florent,axell
ayrmidon,ayrmidon
azor ahai,azor
azzak zo ghazeen,azzak
bael the bard,bael
baela targaryen,baela
baelish (hedge knight),baelish
baelish (lord),baelish
baelish (sellsword),baelish
baelon targaryen,baelon
baelor targaryen,baelor
baelor blacktyde,baelor
baelor hightower,baelor
baelor i targaryen,baelor
balder,balder
baldric i durrandon,baldric
baldrick,baldrick
balerion otherys,balerion
ballabar,ballabar
balman byrch,balman
balon swann,balon
balon tawney,balon
balon blackskin,balon
balon botley,balon
balon greyjoy,balon
balon v greyjoy,balon
bambarro bazanne,bambarro
bandy,bandy
bannen,bannen
barba bolton,barba
barba bracken,barba
barbara bracken,barbara
barbrey dustin,barbrey
barneby,barneby
barquen peake,barquen
barra,barra
barre,barre
barris hightower,barris
barristan selmy,barristan
barron durrandon,barron
barsena blackhair,barsena
barth,barth
barthogan stark,barthogan
bartimos celtigar,bartimos
bartimus,bartimus
bass,bass
bastard of harrenhal,bastard
bastard of blackhaven,bastard
bastard's bastard,bastard's
bathi ma lo,bathi
bayard norcross,bayard
bean,bean
beans,beans
bearded woman,bearded
bearded ben,bearded
beardless dick,beardless
beastmaster,beastmaster
beatrice butterwell,beatrice
becca,becca
becca the baker,becca
beck,beck
bedwyck,bedwyck
belandra,belandra
belaquo bonebreaker,belaquo
beldecar,beldecar
beldon,beldon
lord belgrave,belgrave
belicho,belicho
belicho staegone,belicho
belis,belis
bella,bella
bellegere otherys,bellegere
bellena hawick,bellena
bellenora otherys,bellenora
bello,bello
bellonara otherys,bellonara
belthasar bolton,belthasar
belwas,belwas
ben plumm,ben
ben,ben
ben beesbury,ben
ben blackthumb,ben
ben bones,ben
ben bushy,ben
ben buttercakes,ben
ben coldwater,ben
bendamure,bendamure
benedar belmore,benedar
benedict,benedict
benedict blackmont,benedict
benedict i justman,benedict
benedict royce,benedict
benedict broom,benedict
benedict ii justman,benedict
benerro,benerro
benethon scales,benethon
benfred tallhart,benfred
benfrey frey,benfrey
benifer,benifer
benjamin avery,benjamin
benjen the sweet,benjen
benjen stark,benjen
benjen the bitter,benjen
benjicot,benjicot
benjicot branch,benjicot
benjicot blackwood,benjicot
bennard brune,bennard
bennard stark,bennard
bennarion botley,bennarion
bennet,bennet
bennifer blackwood,bennifer
bennis,bennis
bent-backed man,bent-backed
benton glover,benton
beony beesbury,beony
beqqo,beqqo
beren tallhart,beren
berena hornwood,berena
berena stark,berena
beric dondarrion,beric
bernard,bernard
bernarr brune,bernarr
bernarr ii justman,bernarr
beron,beron
beron stark,beron
beron blacktyde,beron
bertram beesbury,bertram
bertrand tyrell,bertrand
bess bracken,bess
bessa,bessa
bessaro reyaan,bessaro
beth cassel,beth
betha blackwood,betha
bethany bracken,bethany
bethany redwyne,bethany
bethany hightower,bethany
bethany blackwood,bethany
bethany rosby,bethany
bethany fair-fingers,bethany
bethany bolton,bethany
betharios of braavos,betharios
bhakaz zo loraq,bhakaz
bharbo,bharbo
big brusco,big
big boil,big
lord bigglestone,bigglestone
billy burley,billy
biter,biter
black robin,black
black jack bulwer,black
black maris,black
black fist,black
black knife,black
black gerrold,black
black bernarr,black
black balaq,black
black lorren,black
black trombo,black
blackshield,blackshield
lord blacktyde,blacktyde
lord blackwood (aerys ii),blackwood
blane,blane
blind doss,blind
blind lord,blind
blood (the butcher),blood
bloodbeard,bloodbeard
bloodstone emperor,bloodstone
blue bard,blue
bluetooth,bluetooth
blushing bethany,blushing
bobono,bobono
bodger,bodger
bokkoko,bokkoko
bonifer hasty,bonifer
books,books
borcas,borcas
boremund harlaw,boremund
boremund baratheon,boremund
boros blount,boros
lord borrell (father of godric),borrell
borroq,borroq
borros baratheon,borros
bors the breaker,bors
bors,bors
borys baratheon,borys
bowen marsh,bowen
boy,boy
braavosi daggerman,braavosi
lady bracken,bracken
lord bracken (father of otho),bracken
lord bracken,bracken
lord bracken (aerys ii),bracken
bradamar frey,bradamar
bramm of blackhull,bramm
branda stark,branda
brandon ix stark,brandon
brandon norrey,brandon
brandon stark,brandon
brandon snow,brandon
brandon of the bloody blade,brandon
brandon tallhart,brandon
branston cuy,branston
brass-seller,brass-seller
braxton beesbury,braxton
brea,brea
brella,brella
brendel byrne,brendel
brenett,brenett
briar,briar
brienne tarth,brienne
briony,briony
brogg,brogg
bronn,bronn
brown bernarr,brown
brude,brude
brus buckler,brus
brusco,brusco
brute,brute
bryan frey,bryan
bryan fossoway,bryan
bryan of oldtown,bryan
bryce caron,bryce
bryen,bryen
bryen farring,bryen
bryen caron,bryen
bryndemere tarth,bryndemere
brynden tully,brynden
brynden blackwood,brynden
brynden rivers,brynden
bryndon hightower,bryndon
bu gai,bu
lord buckler,buckler
lady buckler,buckler
buford bulwer,buford
lady bulwer's brother,bulwer's
bump,bump
burning knight,burning
burton humble,burton
burton crakehall,burton
butterbumps,butterbumps
lord butterwell,butterwell
butterwell (hand of the king),butterwell
butts,butts
buu,buu
byam flint,byam
byan votyris,byan
byren flowers,byren
byron swann,byron
byron the beautiful,byron
bywin strong,bywin
cadwyl,cadwyl
cadwyn,cadwyn
lord cafferen,cafferen
caggo,caggo
caleotte,caleotte
calla blackfyre,calla
calon,calon
calor,calor
camarron of the count,camarron
cameron tarth,cameron
canker jeyne,canker
canty,canty
captain of the myraham,captain
captain of the prince aemon,captain
captain of the river arrow,captain
captain of the selaesori qhoran,captain
captain of the wildwind,captain
captain's sister,captain's
carellen smallwood,carellen
carolei waynwood,carolei
carrot,carrot
casper straw,casper
casper wylde,casper
caspor hill,caspor
cass,cass
cassana estermont,cassana
cassander,cassander
cassandra baratheon,cassandra
cassella vaith,cassella
cassella staunton,cassella
casso mogat,casso
caster,caster
castos,castos
lady caswell,caswell
lord caswell,caswell
lord caswell (dance),caswell
catelyn stark,catelyn
catelyn bracken,catelyn
catspaw,catspaw
cayn,cayn
cedra,cedra
cedric payne,cedric
cedrik storm,cedrik
celia tully,celia
cellador,cellador
cerelle lannister,cerelle
cerenna lannister,cerenna
cerion lannister,cerion
cerissa brax,cerissa
cerrick,cerrick
cersei frey,cersei
cersei lannister,cersei
ceryse hightower,ceryse
cetheres,cetheres
chai duq,chai
chain,chain
lord chambers,chambers
charioteer,charioteer
chatana qo,chatana
chataya,chataya
chayle,chayle
cheese (the rat-catcher),cheese
chella,chella
chett,chett
cheyk,cheyk
chezdhar zo rhaezn,chezdhar
chiggen,chiggen
childer,childer
chiswyck,chiswyck
choq choq,choq
chyttering (father of lucos),chyttering
cissy,cissy
clarence cargyll,clarence
clarence charlton,clarence
clarence crabb,clarence
clarent crakehall,clarent
clarice osgrey,clarice
clarisse dayne,clarisse
clayton suggs,clayton
clegane (father of gregor and sandor),clegane
clegane (founder),clegane
clegg,clegg
clement piper,clement
clement,clement
clement celtigar,clement
clement crabb,clement
cleoden i durrandon,cleoden
cleon,cleon
cleon the second,cleon
cleos frey,cleos
cletus yronwood,cletus
cley cerwyn,cley
cleyton caswell,cleyton
clifford swann,clifford
clifford conklyn,clifford
clubfoot karl,clubfoot
clydas,clydas
coals,coals
cohollo,cohollo
coldhands,coldhands
colemon,colemon
colen of greenpools,colen
colin florent,colin
collio quaynis,collio
colloquo votar,colloquo
colmar frey,colmar
lord commander crowl,commander
lord commander qorgyle,commander
lord commander hoare,commander
conn,conn
conwy,conwy
coratt,coratt
lord corbray (father of lyonel),corbray
lady corbray,corbray
corenna swann,corenna
corliss penny,corliss
corlos,corlos
corlys velaryon,corlys
corsair king,corsair
cortnay penrose,cortnay
corwin rogers,corwin
corwyn velaryon,corwyn
corwyn corbray,corwyn
coryanne wylde,coryanne
coryanne martell,coryanne
cosgrove,cosgrove
cossomo,cossomo
lord costayne (daeron ii),costayne
lord costayne (aerys i),costayne
cotter pyke,cotter
courtenay greenhill,courtenay
crackbones,crackbones
craghas drahar,craghas
craghorn hoare,craghorn
cragorn,cragorn
crake the boarkiller,crake
craster,craster
crawn,crawn
cregan stark,cregan
cregan karstark,cregan
cregard stark,cregard
creighton redfort,creighton
creighton longbough,creighton
cressen,cressen
lord cressey,cressey
crey,crey
creylen,creylen
crispian celtigar,crispian
criston cole,criston
criston wylde,criston
cromm,cromm
cuger,cuger
culiper,culiper
cutjack,cutjack
king cutthroat,cutthroat
cynthea frey,cynthea
cyrelle tarbeck,cyrelle
cyrenna swann,cyrenna
daario naharis,daario
dacey mormont,dacey
dacks,dacks
daegon shepherd,daegon
daella targaryen,daella
daemion velaryon,daemion
daemion targaryen,daemion
daemon i blackfyre,daemon
daemon targaryen,daemon
daemon sand,daemon
daemon blackfyre,daemon
daemon iii blackfyre,daemon
daemon ii blackfyre,daemon
daemon velaryon,daemon
daena targaryen,daena
daena,daena
daenaera velaryon,daenaera
daenerys targaryen,daenerys
daenora targaryen,daenora
daeron vaith,daeron
daeron ii targaryen,daeron
daeron i targaryen,daeron
daeron velaryon,daeron
daeron targaryen,daeron
daeryssa,daeryssa
dafyn vance,dafyn
dagmer,dagmer
dagon greyjoy,dagon
dagon ironmaker,dagon
dagon codd,dagon
dagos manwoody,dagos
dake,dake
dalbridge,dalbridge
dale,dale
dale drumm,dale
dale seaworth,dale
dalla,dalla
dalton greyjoy,dalton
damion lannister,damion
damon marbrand,damon
damon morrigen,damon
damon hightower,damon
damon shett,damon
damon teague,damon
damon vypren,damon
damon darry,damon
damon,damon
damon lannister,damon
damon paege,damon
dan,dan
dancy,dancy
danelle lothston,danelle
dannel,dannel
danny flint,danny
danos slynt,danos
danwell frey,danwell
dareon,dareon
darke (seven swords),darke
lord darklyn (father of jonquil darke),darklyn
darla deddings,darla
darlessa marbrand,darlessa
darnold darry,darnold
darnold arryn,darnold
lord darry (dance),darry
lord darry (father of raymun),darry
daryn hornwood,daryn
daughter of the dusk,daughter
daughter of the captain of the myraham,daughter
daven lannister,daven
davos darklyn,davos
davos,davos
davos baratheon,davos
davos dayne,davos
davos deddings,davos
davos seaworth,davos
deana hardyng,deana
lady deddings,deddings
lord deddings,deddings
del,del
delena florent,delena
della frey,della
dellono,dellono
delonne allyrion,delonne
delp,delp
demon of darry,demon
denestan,denestan
dennet,dennet
dennis plumm,dennis
dennis the lame,dennis
dennis whitfield,dennis
denyo terys,denyo
denys woodwright,denys
denys swann,denys
denys snow,denys
denys,denys
denys arryn,denys
denys darklyn,denys
denys drumm,denys
denys harte,denys
denys oakheart,denys
denys strong,denys
denys mallister,denys
denys redwyne,denys
denyse hightower,denyse
denzo d'han,denzo
deremond,deremond
deria martell,deria
dermot of the rainwood,dermot
derrick darry,derrick
derrick fossoway,derrick
desmera redwyne,desmera
desmond darry,desmond
desmond,desmond
desmond grell,desmond
desmond mallister,desmond
desmond redwyne,desmond
devan seaworth,devan
devyn sealskinner,devyn
deziel dalt,deziel
dhako,dhako
dhazzar,dhazzar
dick,dick
dick straw,dick
dick follard,dick
dick crabb,dick
dick cole,dick
dick bean,dick
dickon flowers,dickon
dickon frey,dickon
dickon manwoody,dickon
dickon morrigen,dickon
dickon tarly,dickon
dirk,dirk
dobber,dobber
dogkiller,dogkiller
dolf,dolf
domeric bolton,domeric
donal noye,donal
lord dondarrion (father of simon),dondarrion
lord dondarrion (father of manfred),dondarrion
donel greyjoy,donel
donella hornwood,donella
doniphos paenymion,doniphos
donnel hill,donnel
donnel locke,donnel
donnel haigh,donnel
donnel swann,donnel
donnel waynwood,donnel
donnel flint,donnel
donnel drumm,donnel
donnel arryn,donnel
donnel hightower,donnel
donnel of duskendale,donnel
donnis,donnis
donnor stark,donnor
donnor saltcliffe,donnor
dontos hollard,dontos
donyse,donyse
doran martell,doran
dorcas,dorcas
dorden the dour,dorden
dorea sand,dorea
doreah,doreah
dorian hightower,dorian
dormund,dormund
dorna swyft,dorna
dornish dilly,dornish
doro golathis,doro
dorren stark,dorren
doshi,doshi
drako rogare,drako
draper's wife,draper's
draqaz,draqaz
drazenko rogare,drazenko
drennan,drennan
drinkwater twins,drinkwater
drogo,drogo
drox the corpse-maker,drox
drunken daughter,drunken
druselka,druselka
dryn,dryn
dudley,dudley
dunaver,dunaver
duncan strong,duncan
duncan the tall,duncan
duncan targaryen,duncan
duncan liddle,duncan
dunsen,dunsen
dunstan drumm,dunstan
dunstan pryor,dunstan
duram bar emmon,duram
duran,duran
durran xi durrandon,durran
durran xxi durrandon,durran
durran durrandon,durran
durran the third,durran
durran ii durrandon,durran
durran,durran
durran x durrandon,durran
durran xxiv durrandon,durran
durwald i durrandon,durwald
dusky woman,dusky
dyah,dyah
dyanna dayne,dyanna
dykk harlaw,dykk
dywen,dywen
dywen shell,dywen
earl harlaw,earl
easy,easy
ebben,ebben
ebrose,ebrose
eddara tallhart,eddara
eddard karstark,eddard
eddard stark,eddard
edderion stark,edderion
eddison peake (the elder),eddison
eddison peake (the younger),eddison
eddison tollett,eddison
eden risley,eden
edgar yronwood,edgar
edgar sloane,edgar
edgerran oakheart,edgerran
edgerran,edgerran
edmund warrick,edmund
edmund gardener,edmund
edmund breakstone,edmund
edmund ambrose,edmund
edmund blackwood,edmund
edmund waxley,edmund
edmure tully,edmure
edmyn tully,edmyn
edric dayne,edric
edric storm,edric
edric stark,edric
edrick stark,edrick
edwell celtigar,edwell
edwyd fossoway,edwyd
edwyle stark,edwyle
edwyn stark,edwyn
edwyn frey,edwyn
edwyn tarth,edwyn
edwyn osgrey,edwyn
edyth,edyth
egbert,egbert
eggon,eggon
eglantine,eglantine
egon emeros,egon
eladon goldenhair,eladon
elaena targaryen,elaena
elbert arryn,elbert
elder brother,elder
elderly man,elderly
eldiss,eldiss
eldon estermont,eldon
eldred codd,eldred
eldric arryn,eldric
eleanor mooton,eleanor
elenda caron,elenda
elenei,elenei
lord elesham,elesham
eleyna westerling,eleyna
elia martell,elia
elia sand,elia
elinda massey,elinda
elinor costayne,elinor
elinor tyrell,elinor
elinor massey,elinor
elissa farman,elissa
elkin,elkin
ella broome,ella
ella lannister,ella
ellard stark,ellard
ellard crane,ellard
ellaria sand,ellaria
ellendor,ellendor
ellery vance,ellery
ellyn baratheon,ellyn
ellyn caron,ellyn
ellyn ever sweet,ellyn
ellyn reyne,ellyn
elmar frey,elmar
elmo tully,elmo
elric stark,elric
elron,elron
elston tully,elston
elwood harte,elwood
elwood meadows,elwood
elwood,elwood
elwood blackbar,elwood
elyana vypren,elyana
elyas willum,elyas
elyas scales,elyas
elyn norridge,elyn
elys arryn,elys
elys waynwood,elys
elys westerling,elys
elysar,elysar
elza,elza
emberlei frey,emberlei
emerick peake,emerick
emma,emma
emmett,emmett
emmon frey,emmon
emmon cuy,emmon
emmond,emmond
emory hill,emory
emphyria vance,emphyria
emrick,emrick
endehar,endehar
endrew tarth,endrew
enger,enger
eon hunter,eon
eon,eon
erena glover,erena
erich hoare,erich
erich i greyiron,erich
erich v harlaw,erich
erich iii durrandon,erich
erich durrandon,erich
erich vii durrandon,erich
erik ironmaker,erik
ermesande hayford,ermesande
ernest dabell,ernest
eroeh,eroeh
erreck,erreck
erreg,erreg
erren florent,erren
errok,errok
errold stark,errold
erryk cargyll,erryk
erryk,erryk
erwin lannister,erwin
esgred,esgred
essie,essie
estermont (cousin of robert),estermont
ethan glover,ethan
eunuch strangler,eunuch
euron greyjoy,euron
eustace osgrey,eustace
eustace hightower,eustace
eustace brune,eustace
eustace,eustace
eustace hunter,eustace
evlyn,evlyn
eyron,eyron
eyron stark,eyron
ezzara,ezzara
ezzelyno,ezzelyno
faezhar zo faez,faezhar
falena stokeworth,falena
falia flowers,falia
false shepherd,false
falyse stokeworth,falyse
farlen,farlen
lord farman (father of lysa),farman
lady farts-a-lot,farts-a-lot
fat fellow,fat
fearless ithoke,fearless
lord fell,fell
lady fell,fell
fergon hoare,fergon
fern,fern
ferny,ferny
ferrego antaryon,ferrego
ferret,ferret
ferris fowler,ferris
fingers,fingers
first ranger stane,first
first king,first
flement brax,flement
fletcher will,fletcher
florence fossoway,florence
lord florent,florent
florian greysteel,florian
florian v mooton,florian
florian the fool,florian
floris baratheon,floris
florys the fox,florys
fogo,fogo
lord follard,follard
fomas,fomas
lord footly,footly
forley prester,forley
fornio,fornio
forrest frey,forrest
foss the archer,foss
fossoway twins,fossoway
fralegg,fralegg
franklyn frey,franklyn
franklyn farman,franklyn
franklyn flowers,franklyn
franklyn fowler,franklyn
fredo rogare,fredo
frenken,frenken
frenya,frenya
lady frey (wife of ambrose butterwell),frey
lord frey,frey
frynne,frynne
fulk the flea,fulk
gael targaryen,gael
gaemon targaryen,gaemon
gaemon palehair,gaemon
gage,gage
galazza galare,galazza
galbart glover,galbart
galendro,galendro
galeo,galeo
galladon tarth,galladon
galladon of morne,galladon
gallard,gallard
galon whitestaff,galon
galt,galt
galtry the green,galtry
galyeon of cuy,galyeon
gared,gared
gareth long,gareth
gareth ii gardener,gareth
gareth clifton,gareth
gareth,gareth
gareth the grey,gareth
gareth tyrell,gareth
gargon qoherys,gargon
garibald,garibald
garibald shells,garibald
garibald of the seven stars,garibald
garibald grey,garibald
garigus,garigus
garin,garin
gariss,gariss
garizon,garizon
garlan tyrell,garlan
garland ii gardener,garland
garland vi gardener,garland
garmon hightower,garmon
garmund hightower,garmund
garon baratheon,garon
garrett flowers,garrett
garrett greenspear,garrett
garrett paege,garrett
garrick hall,garrick
garris the grey,garris
garrison prester,garrison
garrison fowler,garrison
garse vii gardener,garse
garse flowers,garse
garse,garse
garse goodbrook,garse
garth oldflowers,garth
garth,garth
garth tyrell,garth
garth of oldtown,garth
garth xii gardener,garth
garth the harelip,garth
garth of greenaway,garth
garth the gardener,garth
garth iii gardener,garth
garth v gardener,garth
garth vi gardener,garth
garth ix gardener,garth
garth x gardener,garth
garth hightower,garth
garth xi gardener,garth
garth vii gardener,garth
garth greenfield,garth
garth greenhand,garth
garth greyfeather,garth
gascoyne of the greenblood,gascoyne
gaven greywolf,gaven
gavin the trader,gavin
gawen swann,gawen
gawen glover,gawen
gawen corbray,gawen
gawen gardener,gawen
gawen,gawen
gawen wylde,gawen
gawen westerling,gawen
gedmund peake,gedmund
gella,gella
gelmarr,gelmarr
gendel,gendel
gendry,gendry
genna lannister,genna
geoff,geoff
george graceford,george
gerald gower,gerald
gerardys,gerardys
geremy frey,geremy
gerion lannister,gerion
germund botley,germund
gerold iii lannister,gerold
gerold,gerold
gerold ii lannister,gerold
gerold hightower,gerold
gerold dayne,gerold
gerold grafton,gerold
gerold templeton,gerold
gerold lannister,gerold
gerren,gerren
gerrick kingsblood's youngest daughter,gerrick
gerrick kingsblood's second daughter,gerrick
gerrick kingsblood's eldest daughter,gerrick
gerrick kingsblood's son,gerrick
gerrick kingsblood,gerrick
gerris drinkwater,gerris
gerrold redback,gerrold
gessio haratis,gessio
gevin harlaw,gevin
ghael,ghael
gharak squint-eye,gharak
ghazdor zo ahlaq,ghazdor
ghost of high heart,ghost
giant of the trident,giant
gilbert farring,gilbert
gilbert of the vines,gilbert
gillam,gillam
gilliane glover,gilliane
gilly,gilly
gilwood hunter,gilwood
ginger jack,ginger
girl bought to please the king,girl
gladden wylde,gladden
glaive,glaive
glendon flowers,glendon
glendon goode,glendon
glendon hewett,glendon
glover steward,glover
goady,goady
goat boy,goat
god-on-earth,god-on-earth
godric borrell,godric
godry farring,godry
godwyn,godwyn
goghor the giant,goghor
goodwin,goodwin
goodwyn,goodwyn
gordan i gardener,gordan
goren greyjoy,goren
gorghan of old ghis,gorghan
gorm,gorm
gormon tyrell,gormon
gormon peake,gormon
gormon massey,gormon
gormond goodbrother,gormond
gormond drumm,gormond
gorne,gorne
gorold goodbrother,gorold
gorys edoryen,gorys
gorzhak zo eraz,gorzhak
gowen baratheon,gowen
gramyon,gramyon
gran goodbrother,gran
grance morrigen,grance
lord grandison,grandison
gravedigger,gravedigger
grazdan zo galare,grazdan
grazdan mo ullhor,grazdan
grazdan mo eraz,grazdan
grazdan,grazdan
grazdhan zo rhaezn,grazdhan
grazhar zo galare,grazhar
great walrus,great
greatheart,greatheart
green gergen,green
greenbeard,greenbeard
gregor goode,gregor
gregor clegane,gregor
grenn,grenn
gretchel,gretchel
grey jeyne,grey
grey king,grey
grey worm,grey
greydon,greydon
greydon gardener,greydon
greydon goodbrother,greydon
griffin king,griffin
griffith goode,griffith
grigg,grigg
grimtongue,grimtongue
grisel,grisel
grisella,grisella
groleo,groleo
grover tully,grover
grubbs,grubbs
grunt,grunt
gueren,gueren
gulian swann,gulian
gulian qorgyle,gulian
gulian,gulian
guncer sunglass,guncer
gunthor hightower,gunthor
gunthor goodbrother,gunthor
gunthor estermont,gunthor
gunthor son of gurn,gunthor
gunthor darklyn,gunthor
gunthor royce,gunthor
gurn,gurn
guthor grimm,guthor
guy lothston,guy
guyard morrigen,guyard
guyle the cunning,guyle
guyne,guyne
gwayne iv gardener,gwayne
gwayne iii gardener,gwayne
gwayne v gardener,gwayne
gwayne oakheart,gwayne
gwayne hightower,gwayne
gwayne gaunt,gwayne
gwayne gardener,gwayne
gwayne corbray,gwayne
gwayne i gardener,gwayne
gwenys rivers,gwenys
gwin goodbrother,gwin
gwynesse harlaw,gwynesse
gwyneth yronwood,gwyneth
gylbert farwynd,gylbert
gylbert farman,gylbert
gyldayn,gyldayn
gyleno dothare,gyleno
gyles rosby,gyles
gyles yronwood,gyles
gyles grafton,gyles
gyles iii gardener,gyles
gyles ii gardener,gyles
gyles farwynd,gyles
gyles belgrave,gyles
gyles,gyles
gyles morrigen,gyles
gyles i gardener,gyles
gylo rhegan,gylo
gyloro dothare,gyloro
gynir,gynir
gysella goodbrother,gysella
haegon blackfyre,haegon
haereg,haereg
hagen,hagen
hagen's daughter,hagen's
haggo,haggo
haggon,haggon
hagon hoare,hagon
hairy hal,hairy
hake,hake
hal,hal
halder,halder
haldon,haldon
hali,hali
halleck hoare,halleck
halleck,halleck
hallis mollen,hallis
hallis hornwood,hallis
hallyne,hallyne
halmon paege,halmon
halys hornwood,halys
hamish the harper,hamish
hammer of the hills,hammer
hammer,hammer
handsome man,handsome
hanna harroway,hanna
har loi,har
harbert,harbert
harbert paege,harbert
hareth,hareth
harghaz,harghaz
harlan hoare,harlan
harlan hunter,harlan
harlan grandison,harlan
harlaw (daughter of hotho),harlaw
harle the huntsman,harle
harle the handsome,harle
harlen tyrell,harlen
harlon botley,harlon
harlon greyjoy,harlon
harlon stark,harlon
harlon the hunter,harlon
harma,harma
harmen uller,harmen
harmon dondarrion,harmon
harmon,harmon
harmon of the reeds,harmon
harmond umber,harmond
harmund sharp,harmund
harmund iii hoare,harmund
harmund ii hoare,harmund
harmund i hoare,harmund
harmune,harmune
haro,haro
harodon,harodon
harra,harra
harrag sharp,harrag
harrag hoare,harrag
harrald halfdrowned,harrald
harras harlaw,harras
harras hoare,harras
harren botley,harren
harren half-hoare,harren
harren hoare,harren
harren the red,harren
harrion karstark,harrion
harrold darke,harrold
harrold westerling,harrold
harrold rogers,harrold
harrold osgrey,harrold
harrold langward,harrold
harrold hardyng,harrold
harrold swyft,harrold
harry sawyer,harry
harry merrell,harry
harry penny,harry
harry rivers,harry
harry strickland,harry
harsley,harsley
lord harte,harte
harwin strong,harwin
harwin,harwin
harwood stout,harwood
harwood fell,harwood
harwyn plumm,harwyn
harwyn hoare,harwyn
harys graceford,harys
harys cobb,harys
harys haigh,harys
harys swyft,harys
harys horpe,harys
harys hogg,harys
lord hayford (dance),hayford
lord hayford,hayford
hayhead,hayhead
hazel harte,hazel
hazrak zo loraq,hazrak
hazzea,hazzea
hazzea's father,hazzea's
helaena targaryen,helaena
helicent uffering,helicent
helliweg,helliweg
helly,helly
helman tallhart,helman
helya,helya
hendry bracken,hendry
henk,henk
henly,henly
henrietta woodhull,henrietta
herbert bolling,herbert
heriston,heriston
herman rollingford,herman
herndon of the horn,herndon
hero,hero
herrock kenning,herrock
herryk,herryk
heward,heward
hibald,hibald
high lickspittle,high
high septon (aegon i),high
high sparrow,high
high septon (tyrion's),high
high septon (stonemason),high
high septon (regency of aegon iii),high
high septon (aegon iii),high
high septon (jaehaerys i),high
high septon (fat one),high
high septon (dance of the dragons),high
high septon (daeron ii),high
high septon (child),high
high septon (aegon v),high
high septon (brother of donnel hightower),high
high septon (aegon's conquest),high
high septon (aenys i),high
high septon (aerys ii),high
high septon (maekar i),high
high septon (baelor i),high
lord hightower,hightower
hildy,hildy
hilmar drumm,hilmar
hizdahr zo loraq,hizdahr
hoarfrost umber,hoarfrost
hobb the hewer,hobb
hobb,hobb
hobber redwyne,hobber
hobert hightower,hobert
hod,hod
hodor,hodor
hoke,hoke
holger,holger
hollis teague,hollis
holly,holly
hooded man,hooded
hooded man,hooded
hookface will,hookface
hop-bean,hop-bean
hop-robin,hop-robin
horas harroway,horas
horas redwyne,horas
horgan hoare,horgan
horned lord,horned
horonno,horonno
horro,horro
horton redfort,horton
horys hill,horys
hosman norcross,hosman
hosteen frey,hosteen
hostella frey,hostella
hoster blackwood,hoster
hoster frey,hoster
hoster tully,hoster
hot pie,hot
hother umber,hother
hotho harlaw,hotho
howard pyle,howard
howard bullock,howard
howd wanderer,howd
howland reed,howland
hrothgar,hrothgar
hubard rambton,hubard
hubert arryn,hubert
hubert,hubert
hugh grandison,hugh
hugh arryn,hugh
hugh hammer,hugh
hugh hungerford,hugh
hugh,hugh
hugh beesbury,hugh
hugh clifton,hugh
hugo wull,hugo
hugo arryn,hugo
hugo vance,hugo
hugor of the hill,hugor
hukko,hukko
hullen,hullen
humfrey clifton,humfrey
humfrey waters,humfrey
humfrey wagstaff,humfrey
humfrey beesbury,humfrey
humfrey the mummer,humfrey
humfrey i teague,humfrey
humfrey swyft,humfrey
humfrey stone,humfrey
humfrey lefford,humfrey
humfrey hightower,humfrey
humfrey hewett,humfrey
humfrey hardyng,humfrey
humfrey ii teague,humfrey
humfrey bracken,humfrey
humphrey bulwer,humphrey
hunchbacked septon,hunchbacked
hunnimore,hunnimore
husband,husband
huzhor amai,huzhor
hyle hunt,hyle
iggo,iggo
igon vyrwel,igon
illifer,illifer
illister,illister
illyrio mopatis's first wife,illyrio
illyrio mopatis,illyrio
ilyn payne,ilyn
imry florent,imry
ironbelly,ironbelly
irri,irri
isembard arryn,isembard
ithoke,ithoke
izembaro,izembaro
jacaerys velaryon,jacaerys
jace (night's watch),jace
jacelyn bywater,jacelyn
jack crabb,jack
jack bulwer,jack
jack musgood,jack
jack-be-lucky,jack-be-lucky
jacks,jacks
jade emperor,jade
jaehaera targaryen,jaehaera
jaehaerys ii targaryen,jaehaerys
jaehaerys i targaryen,jaehaerys
jaehaerys targaryen,jaehaerys
jaenara belaerys,jaenara
jafer flowers,jafer
jaggot,jaggot
jaime frey,jaime
jaime lannister,jaime
jaime corbray,jaime
jalabhar xho,jalabhar
jammos frey,jammos
janei lannister,janei
janna tyrell,janna
janos slynt,janos
janyce hunter,janyce
jaqen h'ghar,jaqen
jar han,jar
jar har,jar
jar joq,jar
jared frey,jared
jaremy rykker,jaremy
jarl,jarl
jarman buckwell,jarman
jason lannister,jason
jason mallister,jason
jason hightower,jason
jasper waynwood,jasper
jasper redfort,jasper
jasper arryn,jasper
jasper wylde,jasper
jate,jate
jate blackberry,jate
jax,jax
jayde,jayde
jayne ladybright,jayne
jayne bracken,jayne
jeffory mallister,jeffory
jeffory norcross,jeffory
jellicoe,jellicoe
jena dondarrion,jena
jennelyn fowler,jennelyn
jennis templeton,jennis
jenny of oldstones,jenny
jeor mormont,jeor
jeremy norridge,jeremy
jeremy hightower,jeremy
jeren,jeren
jessamyn redfort,jessamyn
jessamyn manderly,jessamyn
jeyne westerling,jeyne
jeyne marbrand,jeyne
jeyne swann,jeyne
jeyne royce,jeyne
jeyne rivers,jeyne
jeyne poore,jeyne
jeyne poole,jeyne
jeyne mooton,jeyne
jeyne merryweather,jeyne
jeyne manderly,jeyne
jeyne waters,jeyne
jeyne lothston,jeyne
jeyne lydden,jeyne
jeyne arryn,jeyne
jeyne beesbury,jeyne
jeyne darry,jeyne
jeyne farman,jeyne
jeyne rowan,jeyne
jeyne fowler,jeyne
jeyne fossoway,jeyne
jeyne harroway,jeyne
jeyne heddle,jeyne
jeyne goodbrook,jeyne
jez,jez
jezhene,jezhene
jhaqo,jhaqo
jhiqui,jhiqui
jhogo,jhogo
jirelle mooton,jirelle
joanna swyft,joanna
joanna lannister,joanna
jocasta tarbeck,jocasta
jocelyn baratheon,jocelyn
jocelyn penrose,jocelyn
jocelyn stark,jocelyn
jocelyn swyft,jocelyn
jodge,jodge
joffrey lannister,joffrey
joffrey lonmouth,joffrey
joffrey velaryon,joffrey
joffrey staunton,joffrey
joffrey caswell,joffrey
joffrey dayne,joffrey
joffrey doggett,joffrey
joffrey arryn,joffrey
joffrey baratheon,joffrey
johanna swann,johanna
johanna westerling,johanna
john the oak,john
john ii gardener,john
jojen reed,jojen
jokin,jokin
jommo,jommo
jommy,jommy
jon penrose,jon
jon penny,jon
jon wylde,jon
jon o'nutten,jon
jon myre,jon
jon mooton,jon
jon piper,jon
jon pox,jon
jon tollett,jon
jon rosby,jon
jon roxton,jon
jon snow,jon
jon stark,jon
jon vance,jon
jon waters,jon
jon mertyns,jon
jon redfort,jon
jon umber,jon
jon lychester,jon
jon lothston,jon
jon lynderly,jon
jon arryn,jon
jon bettley,jon
jon brax,jon
jon brightstone,jon
jon cafferen,jon
jon connington,jon
jon bulwer,jon
jon florent,jon
jon fossoway,jon
jon heddle,jon
jon hightower,jon
jon hogg,jon
jon hollard,jon
jon cupps,jon
jonah mooton,jonah
jonelle cerwyn,jonelle
jonnel stark,jonnel
jonos frey,jonos
jonos bracken,jonos
jonos stark,jonos
jonos arryn,jonos
jonothor darry,jonothor
jonquil,jonquil
jonquil darke,jonquil
jorah mallister,jorah
jorah mormont,jorah
jorah stark,jorah
joramun,joramun
jordan towers,jordan
jorelle mormont,jorelle
jorgen,jorgen
jorgen velaryon,jorgen
jorl the whale,jorl
joron i blacktyde,joron
jorquen,jorquen
jory cassel,jory
joseran,joseran
joseth,joseth
joseth mallister,joseth
joseth smallwood,joseth
josmyn peckledon,josmyn
joss,joss
joss hood,joss
joss the gloom,joss
joss stilwood,joss
josua willum,josua
josua massey,josua
joth quickbow,joth
jothos slynt,jothos
joy hill,joy
joy penrose,joy
joyeuse erenford,joyeuse
julian wormwood,julian
jurne,jurne
justin massey,justin
jyana,jyana
jyanna frey,jyanna
jyck,jyck
jynessa blackmont,jynessa
jyzene,jyzene
kaeth,kaeth
karlon stark,karlon
karolyn,karolyn
karyl vance,karyl
kasporio,kasporio
kedge whiteye,kedge
kedry,kedry
kegs,kegs
kella,kella
kem,kem
kemmett pyke,kemmett
kenned the whale,kenned
lord kenning,kenning
kennos of kayce,kennos
kermit tully,kermit
kerwin,kerwin
ketter,ketter
kevan lannister,kevan
kezmya pahl,kezmya
khiara the great,khiara
khorane sathmantes,khorane
khrazz,khrazz
kiera of tyrosh,kiera
kindly man,kindly
kirby pimm,kirby
kirth,kirth
kirth vance,kirth
knight of ninestars,knight
knight of the red chicken,knight
knight without armor,knight
kojja mo,kojja
korra,korra
koss,koss
kraznys mo nakloz,kraznys
kromm,kromm
kurleket,kurleket
kurz,kurz
kyle royce,kyle
kyle connington,kyle
kyle,kyle
kyle condon,kyle
kyleg of the wooden ear,kyleg
kym,kym
kyra,kyra
kyra frey,kyra
kyrie,kyrie
lacey,lacey
laena velaryon,laena
laena penrose,laena
laenor velaryon,laenor
lambert whitewater,lambert
lambert turnberry,lambert
lamprey,lamprey
lancel lannister,lancel
lancel i lannister,lancel
lancel iv lannister,lancel
lancel v lannister,lancel
lann the clever,lann
lanna lannister,lanna
lanna,lanna
larence snow,larence
larissa velaryon,larissa
lark,lark
larra blackmont,larra
larra rogare,larra
larraq,larraq
larys strong,larys
last hero,last
last lord tarbeck,last
laswell peake,laswell
laurent,laurent
layna,layna
leaf,leaf
leana frey,leana
leathers,leathers
left hand lew,left
lelia lannister,lelia
lem,lem
lemore,lemore
lenn,lenn
lennocks,lennocks
lenwood tawney,lenwood
lenyl,lenyl
leo lefford,leo
leo tyrell,leo
leo costayne,leo
leo blackbar,leo
leobald tallhart,leobald
leona tyrell,leona
leona woolfield,leona
leonella lefford,leonella
leonette fossoway,leonette
leowyn corbray,leowyn
leslyn,leslyn
leslyn haigh,leslyn
lester,lester
lester dabell,lester
lester morrigen,lester
lew,lew
lewis lanster,lewis
lewyn martell,lewyn
lewys lydden,lewys
lewys the fishwife,lewys
lewys piper,lewys
leygood (father of lucas),leygood
leyla hightower,leyla
leyton hightower,leyton
lharys,lharys
lia serry,lia
liane vance,liane
lianna velaryon,lianna
likely luke,likely
lily,lily
liomond lashare,liomond
lister,lister
little lord lazyeye,little
lo tho,lo
lo han,lo
lo bu,lo
lo doq,lo
lodos,lodos
lodos the twice-drowned,lodos
lollys stokeworth,lollys
lomas estermont,lomas
lomas longstrider,lomas
lommy greenhands,lommy
lomys,lomys
long lew,long
longwater pyke,longwater
longwaters,longwaters
lonnel snow,lonnel
loras tyrell,loras
lorcas,lorcas
lorcas the learned,lorcas
lordling,lordling
loren i lannister,loren
lorence roxton,lorence
lorent tyrell,lorent
lorent lorch,lorent
lorent grandison,lorent
lorent caswell,lorent
lorent marbrand,lorent
loreon lannister,loreon
loreon i lannister,loreon
loreon ii lannister,loreon
loreon iii lannister,loreon
loreon iv lannister,loreon
loreon v lannister,loreon
loreth lansdale,loreth
loreza sand,loreza
lorimar peake,lorimar
lorimas mudd,lorimas
lorimer the belly,lorimer
lormelle long lance,lormelle
loron greyjoy,loron
lorra royce,lorra
lorren longaxe,lorren
loso,loso
lothar,lothar
lothar bracken,lothar
lothar frey,lothar
lothar mallery,lothar
lotho lornel,lotho
lotho rogare,lotho
lothor burley,lothor
lothor brune,lothor
loyal spear,loyal
lucamore strong,lucamore
lucan,lucan
lucan (grand maester),lucan
lucantine woodwright,lucantine
lucas lothston,lucas
lucas leygood,lucas
lucas tyrell,lucas
lucas harroway,lucas
lucas roote,lucas
lucas nayland,lucas
lucas corbray,lucas
lucas codd,lucas
lucas inchfield,lucas
lucas blackwood,lucas
luceon frey,luceon
luceon templeton,luceon
luceon of tarth,luceon
lucerys velaryon,lucerys
lucias vypren,lucias
lucifer long,lucifer
lucifer dryland,lucifer
lucifer hardy,lucifer
lucifer justman,lucifer
lucifer massey,lucifer
lucimore botley,lucimore
lucinda broome,lucinda
lucinda penrose,lucinda
lucion lannister,lucion
luco prestayn,luco
lucos,lucos
lucos chyttering,lucos
luke of longtown,luke
lum,lum
luthor largent,luthor
luthor tyrell,luthor
luton,luton
luwin,luwin
lyanna mormont,lyanna
lyanna stark,lyanna
lyanne glover,lyanne
lyarra stark,lyarra
lyessa flint,lyessa
lyle crakehall,lyle
lyle bracken,lyle
lyman lannister,lyman
lyman darry,lyman
lyman,lyman
lyman beesbury,lyman
lymond lynderly,lymond
lymond lychester,lymond
lymond hightower,lymond
lymond goodbrook,lymond
lymond vikary,lymond
lymond fisher,lymond
lymond mallister,lymond
lymond pease,lymond
lyn corbray,lyn
lynara stark,lynara
lync,lync
lynesse hightower,lynesse
lynora hill,lynora
lyonce,lyonce
lyonel,lyonel
lyonel deddings,lyonel
lyonel tyrell,lyonel
lyonel strong,lyonel
lyonel selmy,lyonel
lyonel lorch,lyonel
lyonel hightower,lyonel
lyonel baratheon,lyonel
lyonel frey,lyonel
lyonel corbray,lyonel
lyonel bentley,lyonel
lyra hayford,lyra
lyra mormont,lyra
lyra,lyra
lysa meadows,lysa
lysa locke,lysa
lysa farman,lysa
lysa arryn,lysa
lysandro rogare,lysandro
lysara karstark,lysara
lysara rogare,lysara
lysaro rogare,lysaro
lysono maar,lysono
lythene frey,lythene
mace tyrell,mace
mad huntsman,mad
mad axe,mad
maddy,maddy
maege mormont,maege
maegelle targaryen,maegelle
maegelle frey,maegelle
maegon targaryen,maegon
maegor targaryen,maegor
maegor i targaryen,maegor
maegor towers,maegor
maekar i targaryen,maekar
maelor targaryen,maelor
maelys blackfyre,maelys
maerie,maerie
maerie the whore,maerie
maezon zo rhaezn,maezon
mag mar tun doh weg,mag
maggy,maggy
mago,mago
maia stokeworth,maia
maisie,maisie
maladon moore,maladon
malaquo maegyr,malaquo
malazza,malazza
malcolm,malcolm
maldon massey,maldon
maldon iv durrandon,maldon
malegorn of redpool,malegorn
malentine velaryon,malentine
mallador locke,mallador
malleon,malleon
malliard,malliard
mallor,mallor
mallor the dornishman,mallor
mallow,mallow
malo jayn,malo
malora hightower,malora
malthar xaq,malthar
malwyn frey,malwyn
mancaster,mancaster
mance rayder,mance
mandon moore,mandon
manfred hightower,manfred
manfred lothston,manfred
manfred swann,manfred
manfred dondarrion,manfred
manfrey martell,manfrey
manfryd lothston,manfryd
manfryd merlyn,manfryd
manfryd redwyne,manfryd
manfryd mooton,manfryd
manfryd yew,manfryd
manly stokeworth,manly
mara martell,mara
mara manderly,mara
marei,marei
margaery tyrell,margaery
margaret karstark,margaret
margate,margate
marghaz zo loraq,marghaz
margot lannister,margot
mariah stark,mariah
marianne vance,marianne
maric seaworth,maric
marilda of hull,marilda
marillion,marillion
maris the maid,maris
maris,maris
maris baratheon,maris
marissa frey,marissa
mariya darry,mariya
mark ryswell,mark
mark mullendore,mark
marla sunderland,marla
marla prester,marla
marlon manderly,marlon
marna locke,marna
maron martell,maron
maron greyjoy,maron
maron botley,maron
maron volmark,maron
marq merryweather,marq
marq grafton,marq
marq piper,marq
marq mudd,marq
marq rankenfell,marq
marq farman,marq
marq ambrose,marq
marqelo tagaros,marqelo
marra rogare,marra
marrigo,marrigo
marro,marro
marselen,marselen
marsella waynwood,marsella
marston waters,marston
martyn cassel,martyn
martyn mullendore,martyn
martyn rivers,martyn
martyn tyrell,martyn
martyn hightower,martyn
martyn lannister,martyn
marwyn belmore,marwyn
marwyn,marwyn
mary mertyns,mary
marya seaworth,marya
maryam,maryam
masha heddle,masha
maslyn,maslyn
master of the white hart,master
matarys targaryen,matarys
mathis,mathis
mathis frey,mathis
mathis rowan,mathis
mathos mallarawan,mathos
mathos ii arryn,mathos
matrice,matrice
matt,matt
matteno orthys,matteno
matthar,matthar
mattheus,mattheus
matthew mullendore,matthew
matthos seaworth,matthos
matthos tyrell,matthos
mawney,mawney
maynard,maynard
maynard holt,maynard
maynard plumm,maynard
mazdhan zo loraq,mazdhan
mazor alexi,mazor
mebble,mebble
medgar tully,medgar
medger cerwyn,medger
medrick,medrick
medrick manderly,medrick
medwick tyrell,medwick
meera reed,meera
meg,meg
megette,megette
megga tyrell,megga
meha,meha
meizo mahr,meizo
mela,mela
melantha blackwood,melantha
melaquin,melaquin
melara hetherspoon,melara
melara crane,melara
meldred merlyn,meldred
melesa crakehall,melesa
melessa florent,melessa
meliana,meliana
melicent,melicent
melisandre,melisandre
melissa blackwood,melissa
mellara rivers,mellara
mellario,mellario
mellei,mellei
mellos,mellos
melly,melly
melony piper,melony
melwyn sarsfield,melwyn
melwys rivers,melwys
mengo,mengo
mengo quen,mengo
meralyn,meralyn
meredyth darklyn,meredyth
meredyth crane,meredyth
meria martell,meria
merianne frey,merianne
meribald,meribald
merion,merion
meris,meris
merle i gardener,merle
merling queen,merling
merlon crakehall,merlon
mern ix gardener,mern
mern vi gardener,mern
mern iii gardener,mern
mern ii gardener,mern
mero,mero
merrel,merrel
merrell the bold,merrell
merrell bullock,merrell
merrell florent,merrell
merrett frey,merrett
merriman,merriman
merriman's widow,merriman's
merrit,merrit
lord merryweather,merryweather
lady merryweather,merryweather
mervyn flowers,mervyn
meryn peake,meryn
meryn iii gardener,meryn
meryn trant,meryn
methyso,methyso
mezzara merreq,mezzara
michael mertyns,michael
michael crowell,michael
michael miller,michael
michael manwoody,michael
mikken,mikken
miklaz,miklaz
miller's wife from acorn water,miller's
miller's wife,miller's
miller's sons,miller's
mina tyrell,mina
minisa whent,minisa
mirri maz duur,mirri
missandei,missandei
moelle,moelle
mohor,mohor
mollander,mollander
mollono yos dob,mollono
mollos,mollos
monford velaryon,monford
monfryd v durrandon,monfryd
monfryd i durrandon,monfryd
monster,monster
monterys velaryon,monterys
moon boy,moon
moon,moon
moonshadow,moonshadow
moqorro,moqorro
mord,mord
mordane,mordane
morden ii durrandon,morden
moredo rogare,moredo
moredo prestayn,moredo
moreo tumitis,moreo
moreo dagareon,moreo
morgan liddle,morgan
morgan hightower,morgan
morgan dunstable,morgan
morgan martell,morgan
morgan wylde,morgan
morgan,morgan
morgarth,morgarth
morghaz zo zherzyn,morghaz
morgil hastwyck,morgil
morgo,morgo
morgon banefort,morgon
moriah qorgyle,moriah
moribald chester,moribald
morion martell,morion
lady mormont (wife of alaric stark),mormont
morna white mask,morna
moro,moro
morosh the myrman,morosh
morra,morra
morrec,morrec
morros slynt,morros
mors martell,mors
mors ii martell,mors
mors umber,mors
mors manwoody,mors
mortimer boggs,mortimer
morton caron,morton
morton waynwood,morton
morya frey,morya
moryn tyrell,moryn
moslander of yore,moslander
mossador,mossador
mother mole,mother
motho,motho
mudge,mudge
mullin,mullin
mully,mully
munciter,munciter
munda,munda
munkun,munkun
murch,murch
murenmure,murenmure
murmison,murmison
mushroom,mushroom
muttering bill,muttering
mya rivers,mya
mya stone,mya
mycah,mycah
mychel redfort,mychel
mylenda caron,mylenda
myles,myles
myles greenfield,myles
myles hightower,myles
myles mooton,myles
myles smallwood,myles
myles toyne,myles
myles manwoody,myles
myranda royce,myranda
myranda lefford,myranda
myrcella baratheon,myrcella
lord myre,myre
myria jordayne,myria
myriah martell,myriah
myriame manderly,myriame
myrielle peake,myrielle
myrielle lannister,myrielle
myrio myrakis's cousin,myrio
myrio myrakis,myrio
myrmadora haen,myrmadora
myrmello,myrmello
myros,myros
myrtle,myrtle
mysaria,mysaria
naerys targaryen,naerys
nage,nage
naggle,naggle
nail,nail
nan,nan
narbert,narbert
narbert grandison,narbert
narbo,narbo
narha otherys,narha
nate,nate
naylin,naylin
ned woods,ned
ned bean,ned
ned,ned
nella,nella
nestor royce,nestor
nettles,nettles
nettles (free folk),nettles
nevio narratys,nevio
nicol,nicol
night's king,night's
nightingale,nightingale
nine eyes,nine
nine-finger jack,nine-finger
nissa nissa,nissa
noho dimittis,noho
nolla,nolla
norbert vance,norbert
norjen,norjen
norman hightower,norman
normund tyrell,normund
norne goodbrother,norne
norren,norren
norren (house mooton),norren
norwin lannister,norwin
notch,notch
nurse,nurse
nute,nute
nyessos vhassar,nyessos
nyles rowan,nyles
nymella toland,nymella
nymeria (direwolf),nymeria
nymeria sand,nymeria
nymeria,nymeria
nymor martell,nymor
nymos,nymos
nysseos qoheros,nysseos
nysterica,nysterica
obara sand,obara
obella sand,obella
oberyn martell,oberyn
ocley,ocley
prince of dorne (father of maron),of
lady of the leaves,of
house of the undying servitor,of
lord of bones,of
ogo,ogo
old grey gull,old
old john mudd,old
old tattersalt,old
old pate,old
old mother,old
old henly,old
old bill bone,old
olene tyrell,olene
olenna redwyne,olenna
ollidar,ollidar
ollidor,ollidor
ollo lophand,ollo
olymer tyrell,olymer
olyvar frey,olyvar
olyvar martell,olyvar
olyvar oakheart,olyvar
olyvar yronwood,olyvar
olyver bracken,olyver
omer blackberry,omer
omer florent,omer
ondrew locke,ondrew
one-eyed crone,one-eyed
onqo,onqo
onyx emperor,onyx
opal emperor,opal
oppo,oppo
orbelo,orbelo
orbert caswell,orbert
ordello,ordello
orell,orell
orivel,orivel
orland of oldtown,orland
orlos,orlos
ormond yronwood,ormond
ormond westerling,ormond
ormond,ormond
ormond osgrey,ormond
ormund wylde,ormund
ormund hightower,ormund
ormund baratheon,ormund
ormund iii durrandon,ormund
oro tendyris,oro
orphan oss,orphan
orryn baratheon,orryn
orson stone,orson
orton merryweather,orton
orwyle,orwyle
orys baratheon,orys
osbert serry,osbert
oscar tully,oscar
osfryd kettleblack,osfryd
osgood arryn,osgood
osgood iii shett,osgood
osha,osha
osmund frey,osmund
osmund kettleblack,osmund
osmund strong,osmund
osmund tyrell,osmund
osmynd,osmynd
osney kettleblack,osney
osric umber,osric
osric stark,osric
osric v arryn,osric
ossifer lipps,ossifer
ossifer plumm,ossifer
ossy,ossy
oswald wode,oswald
oswell i arryn,oswell
oswell kettleblack,oswell
oswell whent,oswell
oswin arryn,oswin
oswyck,oswyck
oswyn,oswyn
othell yarwyck,othell
othgar hoare (demonlover),othgar
othgar hoare (the soulless),othgar
otho ii hightower,otho
otho bracken,otho
othor,othor
otter gimpknee,otter
otto hightower,otto
ottomore,ottomore
ottyn wythers,ottyn
owain bourney,owain
owen merryweather,owen
owen norrey,owen
owen fossoway,owen
owen costayne,owen
owen inchfield,owen
owen,owen
owen the oaf,owen
owen bush,owen
oznak zo pahl,oznak
paezhar zo myraq,paezhar
palla,palla
parmen crane,parmen
parquello vaelaros,parquello
lord parren,parren
pascal dabell,pascal
patchface,patchface
pate of shermer's grove,pate
pate (standfast),pate
pate of longleaf,pate
pate of lancewood,pate
pate of fairmarket,pate
pate of the blue fork,pate
pate of mory,pate
pate the woodcock,pate
pate (whipping boy),pate
pate the stonemason,pate
pate (ranger),pate
pate (orphan),pate
pate (novice),pate
pate the plowman,pate
pater,pater
patrek mallister,patrek
patrek of king's mountain,patrek
patrek vance,patrek
patrice hightower,patrice
patricia redwyne,patricia
paxter redwyne,paxter
lord peake (father of unwin),peake
pearl emperor,pearl
pearse caron,pearse
penny jenny,penny
penny,penny
perceon iii gardener,perceon
peremore hightower,peremore
pereno pendaerys,pereno
perestan,perestan
perfumed hero,perfumed
perianne moore,perianne
perkin follard,perkin
perkin the flea,perkin
perra frey,perra
perra royce,perra
perriane frey,perriane
perros blackmont,perros
lord perryn,perryn
perwyn frey,perwyn
perwyn osgrey,perwyn
peter plumm,peter
petyr baelish,petyr
petyr frey,petyr
petyr mallister,petyr
petyr piper,petyr
petyr plumm,petyr
phario forel,phario
philip foote,philip
philip plumm,philip
pia,pia
lord pigface,pigface
pilman,pilman
pimply squire,pimply
pinchbottom pate,pinchbottom
pious dwarf,pious
lady piper (wife of quellon greyjoy),piper
pisswater prince,pisswater
plague face,plague
plummer,plummer
podrick payne,podrick
poetess,poetess
pol,pol
pol qo,pol
pollitor,pollitor
polliver,polliver
pono,pono
porridge,porridge
porther,porther
portifer woodwright,portifer
poul pemford,poul
poxy tym,poxy
praed,praed
prendahl na ghezn,prendahl
prendos,prendos
prentys tully,prentys
preston greenfield,preston
princess of dorne (unnamed),princess
priscella hogg,priscella
prudence celtigar,prudence
prunella celtigar,prunella
puckens,puckens
pudding,pudding
puddingfoot,puddingfoot
pyat pree,pyat
pycelle,pycelle
pycelle's serving girl,pycelle's
pyg,pyg
pykewood peake,pykewood
pylos,pylos
pynto,pynto
pypar,pypar
pytho malanon,pytho
qalen,qalen
qano,qano
qarl shepherd,qarl
qarl quickaxe,qarl
qarl kenning,qarl
qarl the thrall,qarl
qarl corbray,qarl
qarl correy,qarl
qarl the maid,qarl
qarlon,qarlon
qarlton chelsted,qarlton
qarlton ii durrandon,qarlton
qarlton iii durrandon,qarlton
qarro volentin,qarro
qavo nogarys,qavo
qezza galare,qezza
qhored i hoare,qhored
qhorin volmark,qhorin
qhorin halfhand,qhorin
qhorwyn hoare,qhorwyn
qoren martell,qoren
qos,qos
qotho,qotho
quaithe,quaithe
quaro,quaro
queen o' whores,queen
queen whore,queen
quellon greyjoy,quellon
quellon botley,quellon
quellon humble,quellon
quence,quence
quenn,quenn
quent,quent
quenten banefort,quenten
quentin tyrell,quentin
quenton greyjoy,quenton
quenton qoherys,quenton
quenton hightower,quenton
quenton corbray,quenton
quenton greyjoy (cousin),quenton
quentyn ball,quentyn
quentyn blackwood,quentyn
quentyn martell,quentyn
quentyn qorgyle,quentyn
quhuru mo,quhuru
quickfinger,quickfinger
quill,quill
quillion,quillion
quince,quince
quincy cox,quincy
quort,quort
qyburn,qyburn
qyle corbray,qyle
qyle martell,qyle
qyle,qyle
racallio ryndoon,racallio
rafe,rafe
rafford,rafford
ragged ralf,ragged
ragged silas,ragged
ragnor pyke,ragnor
ragwyle,ragwyle
rainbow knight,rainbow
rakharo,rakharo
ralf,ralf
ralf kenning,ralf
ralf stonehouse,ralf
ralph buckler,ralph
ramsay snow,ramsay
randa,randa
randor the exile,randor
randyll tarly,randyll
rast,rast
rat cook,rat
rattleshirt,rattleshirt
ravella swann,ravella
ravos hoare,ravos
rawney,rawney
raya stark,raya
rayford rosby,rayford
raylon rivers,raylon
raymar royce,raymar
raymond nayland,raymond
raymond rychard,raymond
raymont baratheon,raymont
raymun redbeard,raymun
raymun darry,raymun
raymun fossoway,raymun
raymund tyrell,raymund
raymund mallery,raymund
raymund connington,raymund
raymund frey,raymund
raynald westerling,raynald
raynard,raynard
raynard ruttiger,raynard
raynard ruskyn,raynard
red alyn of the rosewood,red
red raven (free folk),red
red rolfe,red
red lamb,red
red flea,red
red oarsman,red
red jeyne,red
redtusk,redtusk
redwyn,redwyn
lord redwyne,redwyne
reek,reek
regenard estren,regenard
regis groves,regis
regnar drumm,regnar
rego draz,rego
renfred rykker,renfred
renly baratheon,renly
renly norcross,renly
rennifer crabb,rennifer
rennifer longwaters,rennifer
reynard reyne,reynard
reynard webber,reynard
lord reyne,reyne
reysen,reysen
reznak mo reznak,reznak
rhae targaryen,rhae
rhaegar frey,rhaegar
rhaegar targaryen,rhaegar
rhaegel targaryen,rhaegel
rhaego,rhaego
rhaella targaryen,rhaella
rhaelle targaryen,rhaelle
rhaena targaryen,rhaena
rhaenyra targaryen,rhaenyra
rhaenys targaryen,rhaenys
rhea royce,rhea
rhea florent,rhea
rhialta vance,rhialta
rhodry,rhodry
rhogar velaryon,rhogar
rhogoro,rhogoro
rhonda rowan,rhonda
ricasso,ricasso
richard lonmouth,richard
richard horpe,richard
richard farrow,richard
richard roote,richard
richard rodden,richard
richard morrigen,richard
rickard wylde,rickard
rickard tyrell,rickard
rickard thorne,rickard
rickard karstark,rickard
rickard ryswell,rickard
rickard rowan,rickard
rickard redwyne,rickard
rickard liddle,rickard
rickard stark,rickard
rickon stark,rickon
rickon stark (son of cregan),rickon
rickon stark (son of benjen),rickon
rigney,rigney
rob,rob
rob the starvling,rob
robar royce,robar
robar ii royce,robar
robard cerwyn,robard
robb stark,robb
robb reyne,robb
robb rivers,robb
robert vance,robert
robert tyrell,robert
robert stone,robert
robert rowan,robert
robert reyne,robert
robert redwyne,robert
robert arryn,robert
robert ashford,robert
robert frey,robert
robert flowers,robert
robert darklyn,robert
robert brax,robert
robert blackwood (209),robert
robert blackwood,robert
robert i baratheon,robert
robert paege,robert
robert quince,robert
robeson,robeson
robett glover,robett
robin,robin
robin arryn,robin
robin shaw,robin
robin ryger,robin
robin potter,robin
robin penrose,robin
robin peasebury,robin
robin darklyn,robin
robin massey,robin
robin hollard,robin
robin hill,robin
robin greyjoy,robin
robin moreland,robin
robin flint,robin
robyn rhysling,robyn
robyn ryswell,robyn
roderick blackwood,roderick
roderick dustin,roderick
roderick stark,roderick
rodrik stark,rodrik
rodrik ryswell,rodrik
rodrik harlaw,rodrik
rodrik sparr,rodrik
rodrik freeborn,rodrik
rodrik flint,rodrik
rodrik cassel,rodrik
rodrik arryn,rodrik
rodrik greyjoy,rodrik
rodwell stark,rodwell
roelle,roelle
rogar baratheon,rogar
rogar bolton,rogar
roger blackwood,roger
roger of pennytree,roger
roger ryswell,roger
roger hogg,roger
roger corne,roger
roger reyne,roger
roggerio rogare,roggerio
roggo,roggo
roggon rustbeard,roggon
rogin,rogin
rognar ii greyiron,rognar
rogo,rogo
rohanne of tyrosh,rohanne
rohanne tarbeck,rohanne
rohanne webber,rohanne
roland waynwood,roland
roland westerling,roland
roland darry,roland
roland blackwood,roland
roland ii arryn,roland
roland i arryn,roland
roland crakehall,roland
roland of the horn,roland
rolder,rolder
rolfe,rolfe
rolfe the dwarf,rolfe
rollam westerling,rollam
rolland darklyn,rolland
rolland longthorpe,rolland
rolland storm,rolland
rolland uffering,rolland
rolley,rolley
rollo,rollo
rolly duckfield,rolly
rolph spicer,rolph
rommo,rommo
romny weaver,romny
ronald connington,ronald
ronald storm,ronald
ronald vance,ronald
ronard storm,ronard
ronel rivers,ronel
ronnal baratheon,ronnal
ronnel stout,ronnel
ronnel vance,ronnel
ronnel harclay,ronnel
ronnel penrose,ronnel
ronnel arryn,ronnel
ronnet connington,ronnet
rook,rook
roone,roone
roose bolton,roose
roose ryswell,roose
rorge,rorge
roro uhoris,roro
rory,rory
roryn drumm,roryn
rosamund ball,rosamund
rosamund darry,rosamund
rosamund lannister,rosamund
lord rosby,rosby
rose of red lake,rose
rosey (daughter of aegon iv),rosey
rosey,rosey
roslin frey,roslin
rossart,rossart
rowan,rowan
rowan gold-tree,rowan
rowena arryn,rowena
rowley,rowley
roy connington,roy
royce coldwater,royce
royce caron,royce
royce iv bolton,royce
royce ii bolton,royce
royce blackwood,royce
royce baratheon,royce
rudge,rudge
rue,rue
rufus leek,rufus
rugen,rugen
rugen saltbeard,rugen
runceford redwyne,runceford
runcel hightower,runcel
runciter,runciter
rupert brax,rupert
rupert crabb,rupert
rupert falwell,rupert
rus,rus
russ barleycorn,russ
russell stillman,russell
russell merryweather,russell
rusty flowers,rusty
lord ruthermont,ruthermont
ryam,ryam
ryam florent,ryam
ryam redwyne,ryam
ryben,ryben
rycherd crane,rycherd
ryella frey,ryella
ryella royce,ryella
ryger rivers,ryger
ryk,ryk
rylene florent,rylene
ryles,ryles
rylona rhee,rylona
ryman frey,ryman
rymolf stormdrunk,rymolf
rymond arryn,rymond
rymund the rhymer,rymund
ryon allyrion,ryon
lord ryswell (night's watch),ryswell
lord ryswell's youngest son,ryswell's
s'vrone,s'vrone
saathos the wise,saathos
saathos saan,saathos
sabitha vypren,sabitha
saera targaryen,saera
saffron,saffron
sailor's wife,sailor's
salladhor saan,salladhor
sallei paege,sallei
sallor the bald,sallor
salloreon,salloreon
sam salt,sam
sam stoops' wife,sam
sam stoops,sam
samantha stokeworth,samantha
samantha tarly,samantha
samarro saan,samarro
samgood of sour hill,samgood
samwell blackwood,samwell
samwell dayne,samwell
samwell rivers,samwell
samwell spicer,samwell
samwell stokeworth,samwell
samwell stone,samwell
samwell tarly (lord),samwell
samwell tarly,samwell
samwyle tarly,samwyle
sandeman,sandeman
sandoq the shadow,sandoq
sandor frey,sandor
sandor clegane,sandor
sansa stark,sansa
sansa stark (daughter of rickon),sansa
sansara tarly,sansara
sara snow,sara
saranella,saranella
sarella sand,sarella
sargon botley,sargon
sargoso saan,sargoso
sarra frey,sarra
sarra stark,sarra
sarya whent,sarya
satin,satin
sauron salt-tongue,sauron
sawane botley,sawane
sawwood,sawwood
scales,scales
scar,scar
scarb,scarb
scolera,scolera
scoro,scoro
sebastion errol,sebastion
sebaston farman,sebaston
sedgekins,sedgekins
sefton staunton,sefton
selmond stackspear,selmond
selwyn tarth,selwyn
selyse florent,selyse
senaera,senaera
senelle,senelle
septon (sallydance),septon
serala,serala
serena stark,serena
serenei of lys,serenei
serra,serra
serra frey,serra
lord serrett,serrett
serwyn of the mirror shield,serwyn
shadd,shadd
shadrick,shadrick
shae,shae
shaena targaryen,shaena
shaera targaryen,shaera
shagga,shagga
shagwell,shagwell
sharako lohar,sharako
sharis footly,sharis
sharna,sharna
sharra the witch queen,sharra
sharra arryn,sharra
lord shawney,shawney
shella,shella
shella whent,shella
shepherd,shepherd
shepherd reborn,shepherd
sherrit,sherrit
shiera blackwood,shiera
shiera crakehall,shiera
shiera seastar,shiera
shierle swyft,shierle
shireen baratheon,shireen
shirei frey,shirei
shitmouth,shitmouth
shortear,shortear
shrike,shrike
shrouded lord,shrouded
shyra,shyra
shyra errol,shyra
sigfry stonetree,sigfry
sigfryd harlaw,sigfryd
sigorn,sigorn
sigrin,sigrin
silvario pendaerys,silvario
silver haired whore in selhorys,silver
silveraxe fell,silveraxe
simon toyne,simon
simon strong,simon
simon staunton (squire),simon
simon dondarrion,simon
simon leygood,simon
simon staunton,simon
six-toed harl,six-toed
skahaz mo kandaq,skahaz
skinner,skinner
skittrick,skittrick
sky blue su,sky
skyte,skyte
lord slate,slate
sloey,sloey
sly,sly
small paul,small
smike,smike
smiling knight,smiling
snatch,snatch
snowylocks,snowylocks
softfoot,softfoot
sorcerer lord,sorcerer
soren shieldbreaker,soren
sour alyn,sour
spare boot,spare
spotted tom,spotted
spotted pate of maidenpool,spotted
spotted pate,spotted
spotted cat,spotted
squint,squint
squinter,squinter
squinty jeyne,squinty
squire squishlips,squire
squirrel,squirrel
lord stackhouse,stackhouse
stafford lannister,stafford
stalwart shield,stalwart
stannis seaworth,stannis
stannis baratheon,stannis
stanton piper,stanton
starved man,starved
lord staunton (father of cassella),staunton
lord staunton,staunton
lady staunton,staunton
steelshanks walton,steelshanks
steelskin,steelskin
steely pate,steely
steffar stammerer,steffar
steffarion sparr,steffarion
steffon sunderland,steffon
steffon varner,steffon
steffon swyft,steffon
steffon seaworth,steffon
steffon hollard,steffon
steffon baratheon,steffon
steffon connington,steffon
steffon stackspear,steffon
steffon frey,steffon
steffon darklyn,steffon
steffon fossoway,steffon
stern face,stern
stevron frey,stevron
stiv,stiv
lord stokeworth,stokeworth
stone thumbs,stone
stonehand,stonehand
stonesnake,stonesnake
lord stonetree,stonetree
lady stonetree (wife of quellon greyjoy),stonetree
lady stork,stork
stormbreaker,stormbreaker
ser stupid,stupid
stygg,stygg
styr,styr
sumner crakehall,sumner
lady sunderly (wife of quellon greyjoy),sunderly
lord sunderly,sunderly
lord sunglass,sunglass
sunset girl,sunset
sure spear,sure
surly lad,surly
lord sweet,sweet
sweets,sweets
lord swyft,swyft
sybassion,sybassion
sybell spicer,sybell
sybelle glover,sybelle
sylas sourmouth,sylas
sylas the grim,sylas
sylas flatnose,sylas
sylva santagar,sylva
sylvenna sand,sylvenna
sylwa paege,sylwa
symeon star-eyes,symeon
symon hollard,symon
symon santagar,symon
symon stripeback,symon
symon silver tongue,symon
symond botley,symond
symond crayne,symond
symond frey,symond
symond staunton,symond
symond templeton,symond
syrio forel,syrio
taena of myr,taena
tagganaro,tagganaro
tal toraq,tal
talbert serry,talbert
talea,talea
talla tarly,talla
tallad,tallad
tanda stokeworth,tanda
tanselle,tanselle
tansy (innkeep),tansy
tansy (orphan),tansy
tanton fossoway,tanton
lord tarbeck (son of alyn),tarbeck
tarber,tarber
targon,targon
tarle the thrice-drowned,tarle
tarth triplets,tarth
tattered prince,tattered
temmo,temmo
teora toland,teora
teora kyndall,teora
teora hunter,teora
ternesio terys,ternesio
terrance lynderly,terrance
terrence kenning,terrence
terrence toyne,terrence
terrio erastes,terrio
terro,terro
tess,tess
tessario,tessario
thaddeus rowan,thaddeus
theo teague,theo
theo charlton,theo
theo bolling,theo
theo frey,theo
theo tyrell,theo
theo wull,theo
theobald,theobald
theodan wells,theodan
theodore tyrell,theodore
theomar smallwood,theomar
theomore,theomore
theomore harlaw,theomore
theomore manderly,theomore
theon stark,theon
theon iii greyjoy,theon
theon greyjoy,theon
theron pyke,theron
therry,therry
thistle,thistle
thomas the threadbare,thomas
thomax,thomax
thoren smallwood,thoren
thormor ironmaker,thormor
thoron true,thoron
thoros of myr,thoros
three toes,three
three-tooth,three-tooth
thurgood,thurgood
thurgood fell,thurgood
tickler,tickler
tigaro moraqos,tigaro
tim tangletongue,tim
tim stone,tim
timeon,timeon
timett,timett
timett (father),timett
timon,timon
timoth,timoth
timotty,timotty
timotty snow,timotty
tion tarbeck,tion
tion lannister,tion
tion frey,tion
titus peake,titus
titus peake (son of unwin),titus
tobbot,tobbot
tobho mott,tobho
todder,todder
todric,todric
toefinger,toefinger
togarion bar emmon,togarion
togg joth,togg
togosh,togosh
tom turnip,tom
tom tidewood,tom
tom tangletongue,tom
tom tanglebeard,tom
tom of sevenstreams,tom
tom costayne,tom
tom the strummer,tom
tom flowers,tom
tom codd,tom
tom barleycorn,tom
toman,toman
tomard,tomard
tomarro,tomarro
tommard heddle,tommard
tommen baratheon,tommen
tommen costayne,tommen
tommen i lannister,tommen
tommen ii lannister,tommen
tommen tully,tommen
tommen costayne (knight),tommen
tomtoo,tomtoo
topaz emperor,topaz
torbert,torbert
toregg the tall,toregg
torgen oakheart,torgen
torghen flint,torghen
torgold tollett,torgold
torgon the terrible,torgon
torgon greyiron,torgon
torman peake,torman
tormo fregar,tormo
tormund,tormund
toron greyjoy,toron
torrek,torrek
torren liddle,torren
torrence teague,torrence
torreo haen,torreo
torrhen stark (son of edric),torrhen
torrhen karstark,torrhen
torrhen stark,torrhen
torrhen manderly,torrhen
torwold browntooth,torwold
torwyn greyjoy,torwyn
torwynd,torwynd
tothmure,tothmure
tourmaline emperor,tourmaline
treb,treb
trebor jordayne,trebor
tregar ormollen,tregar
tregar,tregar
tremond gargalen,tremond
trianna,trianna
tristan mudd,tristan
tristan ryger,tristan
tristan rivers,tristan
tristan vance,tristan
tristifer botley,tristifer
tristifer iv mudd,tristifer
tristifer wayn,tristifer
tristifer v mudd,tristifer
tristimun,tristimun
triston farwynd,triston
triston hightower,triston
triston massey,triston
triston sunderland,triston
triston of tally hill,triston
trystane martell,trystane
trystane truefyre,trystane
tuffleberry,tuffleberry
lord tully (successor of medgar),tully
lord tully (father of hoster),tully
tumberjon,tumberjon
tumco lho,tumco
turnip,turnip
turquin,turquin
two swords (sellsword),two
two female puppeteers,two
two-headed girl,two-headed
ty,ty
tya lannister,tya
tyana wylde,tyana
tyanna of the tower,tyanna
tybald,tybald
tybero istarion,tybero
tybolt crakehall,tybolt
tybolt hetherspoon,tybolt
tybolt lannister,tybolt
tybolt lannister (king),tybolt
tycho nestoris,tycho
tyene sand,tyene
tygett lannister,tygett
tyland lannister,tyland
tyler hill,tyler
tyler norcross,tyler
tyler teague,tyler
tymond lannister,tymond
tymor,tymor
tyrek lannister,tyrek
tyrion lannister,tyrion
tyrion ii lannister,tyrion
tyrion iii lannister,tyrion
tyrion tanner,tyrion
tyroshi sellsword,tyroshi
tysane frey,tysane
tysha,tysha
tyshara lannister,tyshara
tyta frey,tyta
tytos lannister,tytos
tytos lannister's first mistress,tytos
tytos lannister's second mistress,tytos
tytos blackwood,tytos
tytos brax,tytos
tytos frey,tytos
tywald lannister,tywald
tywell ii lannister,tywell
tywin frey,tywin
tywin lannister,tywin
uhlan,uhlan
ulf the ill,ulf
ulf son of umar,ulf
ulf white,ulf
uller,uller
ulmer,ulmer
ulrick dayne,ulrick
ulwyck uller,ulwyck
umar,umar
umbert,umbert
umfred,umfred
umma,umma
ummet,ummet
unella,unella
unwin peake,unwin
urek ironmaker,urek
urho the unwashed,urho
urragon iii greyiron,urragon
urragon iv greyiron,urragon
urras greyiron,urras
urrathon iv goodbrother,urrathon
urrathon night-walker,urrathon
urrathon peake,urrathon
urreg,urreg
urrigon greyjoy,urrigon
urrigon hightower,urrigon
urron greyiron,urron
ursula upcliff,ursula
urswyck,urswyck
urzen,urzen
uther shett,uther
uther peake,uther
uthero zalyne,uthero
utherydes wayn,utherydes
uthor underleaf,uthor
uthor tollett,uthor
uthor of the high tower,uthor
uthor uller,uthor
uthor,uthor
utt,utt
vaegon targaryen,vaegon
vaella targaryen (daughter of daeron),vaella
vaella targaryen (daughter of aenys i),vaella
vaellyn,vaellyn
vaemond velaryon,vaemond
vaggoro,vaggoro
lord vaith (father of cassella),vaith
val,val
valaena velaryon,valaena
valarr targaryen,valarr
valena toland,valena
valerion targaryen,valerion
lord vance,vance
vanyon,vanyon
varamyr,varamyr
vardis egen,vardis
vargo hoat,vargo
varly,varly
varys,varys
vayon poole,vayon
veiled lady,veiled
veron greyjoy,veron
vhalaso,vhalaso
vickon botley,vickon
vickon greyjoy,vickon
victaria tyrell,victaria
victarion greyjoy's third wife,victarion
victarion greyjoy,victarion
victor the valiant,victor
victor risley,victor
victor tyrell,victor
victor velaryon,victor
violante,violante
violet,violet
visenya targaryen,visenya
visenya targaryen (daughter of daemon),visenya
viserra targaryen,viserra
viserys targaryen (son of aenys i),viserys
viserys ii targaryen,viserys
viserys targaryen,viserys
viserys plumm,viserys
viserys i targaryen,viserys
vogarro,vogarro
vorian dayne,vorian
vorian vypren,vorian
vortimer crane,vortimer
vulture king (aenys i),vulture
vulture king (jaehaerys i),vulture
vulture king (aegon ii),vulture
vulture king (daeron ii),vulture
vylarr,vylarr
vyman,vyman
vyron,vyron
lord vyrwel,vyrwel
waif,waif
walda rivers,walda
walda frey,walda
walder frey,walder
walder goodbrook,walder
walder haigh,walder
walder rivers,walder
walder stackspear,walder
walder vance,walder
walder of woodmere,walder
walder brax,walder
walderan tarbeck,walderan
waldon wynch,waldon
walgram,walgram
walgrave,walgrave
wallace massey,wallace
wallace waynwood,wallace
wallen,wallen
walter brownhill,walter
walter whent,walter
walter wyl,walter
walton towers,walton
walton frey,walton
walton stark,walton
waltyr frey,waltyr
walys flowers,walys
walys mooton,walys
ward of gyles rosby,ward
warg king,warg
warren,warren
warrick manderly,warrick
warryn beesbury,warryn
wat the tanner,wat
wat the hewer,wat
wat barleycorn,wat
wat (sailor),wat
wat (orphan),wat
wat (night's watch),wat
wat (standfast),wat
wate,wate
watkyn,watkyn
watt of long lake,watt
watty the miller,watty
waymar royce,waymar
wayn,wayn
weasel,weasel
webber,webber
weeper,weeper
weese,weese
wenda,wenda
wendamyr,wendamyr
wendel frey,wendel
wendel manderly,wendel
wendell webber,wendell
wendello qar deeth,wendello
wendeyne,wendeyne
werlag,werlag
wet wat,wet
wex pyke,wex
whale that walks,whale
whalen frey,whalen
whitesmile wat,whitesmile
wick whittlestick,wick
widow of the waterfront,widow
widower,widower
wilbert,wilbert
wilbert osgrey,wilbert
will short,will
will humble,will
will cole,will
will of the woods,will
will the stork,will
will (standfast),will
will (squire),will
will (orphan),will
will,will
willam royce,willam
willam wells,willam
willam stark,willam
willam stafford,willam
willam stackspear,willam
willam foxglove,willam
willam dustin,willam
willam the wasp,willam
willam the wanderer,willam
willam,willam
willam whistler,willam
willam wythers,willam
willamen frey,willamen
willas tyrell,willas
willem wylde,willem
willem darry,willem
willem lannister,willem
willem frey,willem
william tortoll,william
william mooton,william
willifer,willifer
willis fell,willis
willis wode,willis
willit,willit
willow (daughter of aegon iv),willow
willow pound-stone,willow
willow witch-eye,willow
willow heddle,willow
willum,willum
lord willum,willum
wine merchant,wine
wisewoman's daughter,wisewoman's
wolmer,wolmer
woth,woth
wulfe,wulfe
wulfgar hoare,wulfgar
wun weg wun dar wun,wun
wyl,wyl
wyl the whittler,wyl
wyl waynwood,wyl
lord wyl (conquest of dorne),wyl
wyl of wyl,wyl
wyland wyl,wyland
wylis manderly,wylis
wylla manderly,wylla
wylla of wyl,wylla
wylla,wylla
wylla fenn,wylla
wyllis,wyllis
wyman manderly,wyman
wyman webber,wyman
wynafrei whent,wynafrei
wynafryd manderly,wynafryd
wynton stout,wynton
xanda qo,xanda
xandarro xhore,xandarro
xaro xhoan daxos,xaro
xhobar qhoqua,xhobar
xhondo dhoru,xhondo
yandel,yandel
yandry,yandry
yezzan zo qaggaz,yezzan
ygon farwynd,ygon
ygon oldfather,ygon
ygritte,ygritte
yna,yna
ynys yronwood,ynys
yohn royce,yohn
yohn farwynd,yohn
yorbert royce,yorbert
yoren yronwood,yoren
yoren,yoren
yorick v yronwood,yorick
yorkel,yorkel
yorko terys,yorko
yormwell,yormwell
yorrick,yorrick
yorwyck vi royce,yorwyck
young john mudd,young
young henly,young
yrma peake,yrma
ysabel,ysabel
ysabel staunton,ysabel
ysilla,ysilla
ysilla royce,ysilla
yurkhaz zo yunzak,yurkhaz
zachery frey,zachery
zahrina,zahrina
zarabelo,zarabelo
zeggo,zeggo
zei,zei
zekko,zekko
zhako,zhako
zharaq zo loraq,zharaq
zhea,zhea
zhoe blanetree,zhoe
zia frey,zia
zollo,zollo
